<?xml version="1.0" encoding="UTF-8" ?>
<!DOCTYPE struts PUBLIC
    "-//Apache Software Foundation//DTD Struts Configuration 2.1.7//EN"
    "http://struts.apache.org/dtds/struts-2.1.7.dtd">

<struts>
	 
	<package name="teacher" namespace="/teacher" extends="struts-default">
		<result-types>
            <result-type name="json" class="org.apache.struts2.json.JSONResult"/>
        </result-types>
        
		<global-results>
			<result name="error">
				<param name="location">/WEB-INF/error.jsp</param>
			</result>
		</global-results>
		
		<action name="list_teacher" class="sims.web.action.TeacherAction" method="listTeacher">
			<result name="success" type="json">
				<param name="root">session.teachers</param>
			</result>
		</action>
		<action name="add_teacher" class="sims.web.action.TeacherAction" method="addTeacher">
			<result name="success" type="json">
				<param name="root">session</param>
			</result>
		</action>	
		 <action name="get_teacher_account" class="sims.web.action.TeacherAction" method="getTeacherAccount">
			<result name="success" type="json">
				<param name="root">session</param>
			</result>
		</action>
		 <action name="modi_teacher" class="sims.web.action.TeacherActionB" method="modiTeacher">
			<result name="success" type="json">
				<param name="root">session.status</param>
			</result>
		</action>
	</package>

</struts> 


