<?xml version="1.0" encoding="UTF-8" ?>
<!DOCTYPE struts PUBLIC
    "-//Apache Software Foundation//DTD Struts Configuration 2.1.7//EN"
    "http://struts.apache.org/dtds/struts-2.1.7.dtd">

<struts>
	<package name="study" namespace="/study" extends="struts-default">
	
		<result-types>
            <result-type name="json" class="org.apache.struts2.json.JSONResult"/>
        </result-types>
        
		<global-results>
			<result name="error">
				<param name="location">/WEB-INF/error.jsp</param>
			</result>
		</global-results>
		
		 <action name="add_study_items" class="sims.web.action.StudyAction" method="addStudyItem">
			 <result name="success" type="json">
			 	<param name="root">session</param>
			 </result>
		</action>
		<action name="get_study_items" class="sims.web.action.StudyAction" method="getStudyItems">
			 <result name="success" type="json">
			 	<param name="root">session</param>
			 </result>
		</action>
		<action name="check_study_items" class="sims.web.action.StudyAction" method="checkStudyItems">
			 <result name="success" type="json">
			 	<param name="root">session.isSignIds</param>
			 </result>
		</action>
		<action name="del_study_item" class="sims.web.action.StudyAction" method="delStudyItem">
			 <result name="success" type="json">
			 	<param name="root">session</param>
			 </result>
		</action>
	</package>
 
</struts> 


