<?xml version="1.0" encoding="UTF-8" ?>
<!DOCTYPE struts PUBLIC
    "-//Apache Software Foundation//DTD Struts Configuration 2.1.7//EN"
    "http://struts.apache.org/dtds/struts-2.1.7.dtd">

<struts>
	<package name="pay" namespace="/pay" extends="struts-default">
		<result-types>
            <result-type name="json" class="org.apache.struts2.json.JSONResult"/>
        </result-types>
		<global-results>
			<result name="error">
				<param name="location">/WEB-INF/error.jsp</param>
			</result>
		</global-results>
		<action name="add_pay_item" class="sims.web.action.PayAction" method="addPay">
			<result name="success" type="json">
				<param name="root"></param>
			</result>
		</action>
		
	</package>
 
</struts> 


