<?xml version="1.0" encoding="UTF-8" ?>
<!DOCTYPE struts PUBLIC
    "-//Apache Software Foundation//DTD Struts Configuration 2.1.7//EN"
    "http://struts.apache.org/dtds/struts-2.1.7.dtd">

<struts>
	<package name="home" namespace="/home" extends="struts-default">
		<global-results>
			<result name="error">
				<param name="location">/WEB-INF/error.jsp</param>
			</result>
		</global-results>
		<!-- <action name="to_login"> <result> /html/login.jsp </result> </action> -->
		<action name="to_index" class="sims.web.action.LoginAction" method="toIndex"> 
			<result name="success" type="dispatcher" >
			   /html/index.jsp
			</result>
			<result name="admin" type="dispatcher" >
			   /html/index.jsp
			</result>
			<result name="teacher" type="dispatcher" >
			   /html/teacher.jsp
			</result>
			<result name="limts" type="dispatcher" >
			   /html/login.jsp
			</result>
		</action>
		
		<action name="to_user"  class="sims.web.action.UserAction" method="getUser"> <result> /html/user.jsp </result> </action>
		
		<action name="to_teacher"><result >/html/teacher_index.jsp </result></action>
		
		<action name="to_student"><result> /html/student_index.jsp </result></action>
		
		<action name="to_sign"><result> /html/sign.jsp </result></action>
		
		<action name="to_base"> <result> /html/base_index.jsp </result></action>
		
		<action name="to_system"> <result> /html/index.jsp </result></action>
		
		<action name="to_logout" class="sims.web.action.LoginAction" method="logout">
			 <result>/html/login.jsp</result>
		</action>
		
	</package>

</struts> 


