<?xml version="1.0" encoding="UTF-8" ?>
<!DOCTYPE struts PUBLIC
    "-//Apache Software Foundation//DTD Struts Configuration 2.1.7//EN"
    "http://struts.apache.org/dtds/struts-2.1.7.dtd">

<struts>
	 
	<package name="system" namespace="/system" extends="struts-default">
		<result-types>
            <result-type name="json" class="org.apache.struts2.json.JSONResult"/>
        </result-types>
		<global-results>
			<result name="error">
				<param name="location">/WEB-INF/error.jsp</param>
			</result>
		</global-results>
		<action name="get_system_items" class="sims.web.action.SystemAction" method="getSystemInfos" />
		
		<!-- 删除 -->
		<action name="del_campus" class="sims.web.action.CampusAction" method="delCampus">
			<result name="success" type="json">
				<param name="root"></param>
			</result>
		</action>
		 
		<action name="del_course" class="sims.web.action.CourseAction" method="delCourse">
			<result name="success" type="json">
				<param name="root"></param>
			</result>
		</action>
		<action name="del_timetable" class="sims.web.action.TimetableAction" method="delTimetable">
			<result name="success" type="json">
				<param name="root"></param>
			</result>
		</action>
		<!-- 删除 over -->
		
		<action name="get_campus" class="sims.web.action.CampusAction" method="getCampus">
			<result name="success" type="json">
				<param name="root">session.campus</param>
			</result>
		</action>
		<action name="get_course" class="sims.web.action.CourseAction" method="getCourse">
			<result name="success" type="json">
				<param name="root">session.course</param>
			</result>
		</action>
																 
		<action name="get_timetable" class="sims.web.action.TimetableAction" method="getTimetable">
			<result name="success" type="json">
				<param name="root">session.timetable</param>
			</result>
		</action>
		
		<!--修改  -->
		
		<action name="modi_campus" class="sims.web.action.CampusAction" method="modiCampus">
			<result name="success" type="json">
				<param name="root"> </param>
			</result>
		</action>
		<action name="modi_course" class="sims.web.action.CourseAction" method="modiCourse">
			<result name="success" type="json">
				<param name="root"> </param>
			</result>
		</action>
																 
		<action name="modi_timetable" class="sims.web.action.TimetableAction" method="modiTimetable">
			<result name="success" type="json">
				<param name="root"> </param>
			</result>
		</action>
		
		<!-- 修改over -->
		
		
		
		<action name="add_campus" class="sims.web.action.CampusAction" method="addCampus">
			<result name="success" type="json">
				<param name="root"></param>
			</result>
		</action>
		<action name="add_course" class="sims.web.action.CourseAction" method="addCourse">
			<result name="success" type="json">
				<param name="root"></param>
			</result>
		</action>
		<action name="add_timetable" class="sims.web.action.TimetableAction" method="addTimetable">
			<result name="success" type="json">
				<param name="root"></param>
			</result>
		</action>
		<action name="get_campus_info" class="sims.web.action.CampusAction" method="getCampuses">
			<result name="success" type="json">
				<param name="root">session.campuses</param>
			</result>
		</action>
		<action name="get_course_info" class="sims.web.action.CourseAction" method="getCourses">
			<result name="success" type="json">
				<param name="root">session.courses</param>
			</result>
		</action>
																 
		<action name="get_timetable_info" class="sims.web.action.TimetableAction" method="getTimetables">
			<result name="success" type="json">
				<param name="root">session.timetables</param>
			</result>
		</action>
		
		 
	</package>

</struts> 


