<?xml version="1.0" encoding="UTF-8" ?>
<!DOCTYPE struts PUBLIC
    "-//Apache Software Foundation//DTD Struts Configuration 2.1.7//EN"
    "http://struts.apache.org/dtds/struts-2.1.7.dtd">

<struts>
	<package name="vali" namespace="/vali" extends="struts-default">
		<result-types>
            <result-type name="json" class="org.apache.struts2.json.JSONResult"/>
        </result-types>
		<global-results>
			<result name="error">
				<param name="location">/WEB-INF/error.jsp</param>
			</result>
		</global-results>
		 
		<action name="validate_code" class="sims.web.action.LoginAction"
			method="getValidate">
			<result name="success" type="stream">
				<param name="inputName">result.data</param>
				<param name="contentType">image/png</param>
			</result>
		</action>
	</package>

</struts> 