<?xml version="1.0" encoding="UTF-8" ?>
<!DOCTYPE struts PUBLIC
    "-//Apache Software Foundation//DTD Struts Configuration 2.1.7//EN"
    "http://struts.apache.org/dtds/struts-2.1.7.dtd">

<struts>
	 
	<package name="student" namespace="/student" extends="struts-default">
		<result-types>
            <result-type name="json" class="org.apache.struts2.json.JSONResult"/>
        </result-types>
		<global-results>
			<result name="error">
				<param name="location">/WEB-INF/error.jsp</param>
			</result>
		</global-results>
		
		<action name="add_student" class="sims.web.action.StudentAction" method="addStudent">
			<result name="success" type="json">
				<param name="root">session</param>
			</result>
		</action>
		
		<action name="get_student_info" class="sims.web.action.StudentAction" method="getStudentInfo">
			<result name="success" type="json">
				<!-- /html/student_info.jsp -->
				<param name="root">session.student</param>
			</result>
		</action>
		<action name="to_get_student_info" class="sims.web.action.StudentAction" method="toStudentInfo">
			<result name="success" type="dispatcher">
				/html/student_info.jsp
				<!-- <param name="root">session.student</param> -->
			</result>
		</action>
		<action name="get_students" class="sims.web.action.StudentAction" method="getStudents">
			<result name="success" type="dispatcher">
				/html/sign.jsp
			</result>
		</action>
		 
		<action name="list_student" class="sims.web.action.StudentAction" method="getStudents">
			<result name="success" type="json">
				<param name="root">session.students</param>
			</result>
		</action>
		
		<action name="get_sign_students" class="sims.web.action.StudentAction" method="getSignStudents">
			 <result name="success" type="json">
			 	<param name="root">session.signStudents</param>
			 </result>
		</action>
		
		<action name="modi_student_info" class="sims.web.action.StudentActionB" method="modiStudentInfo">
			 <result name="success" type="json">
			 	<param name="root">session.status</param>
			 </result>
		</action>
	</package>
</struts> 


