<?xml version="1.0" encoding="UTF-8" ?>
<!DOCTYPE struts PUBLIC
    "-//Apache Software Foundation//DTD Struts Configuration 2.1.7//EN"
    "http://struts.apache.org/dtds/struts-2.1.7.dtd">

<struts>
	 
	<package name="user" namespace="/user" extends="struts-default">
		<result-types>
            <result-type name="json" class="org.apache.struts2.json.JSONResult"/>
        </result-types>
		<global-exception-mappings>
			<exception-mapping result="exception" exception="java.lang.Exception">
				<param name="location">/WEB-INF/error.jsp</param>
			</exception-mapping>
		</global-exception-mappings>
		<!-- <global-results>
			<result name="error">
				<param name="location">/WEB-INF/error.jsp</param>
			</result>
		</global-results> -->
		<action name="to_get_user">
			<result name="success" type="json">
				 <param name="root">session</param>
			</result>
		</action>
		<action name="to_modi_pwd" class="sims.web.action.UserAction" method="modiPwd">
			<result name="success" type="json">
				<param name="root">session</param>
			</result>
		</action>
		
		
	</package>

</struts> 


