﻿<?xml version="1.0" encoding="UTF-8"?>
<beans xmlns="http://www.springframework.org/schema/beans"
	xmlns:xsi="http://www.w3.org/2001/XMLSchema-instance" xmlns:context="http://www.springframework.org/schema/context"
	xmlns:util="http://www.springframework.org/schema/util" xmlns:jee="http://www.springframework.org/schema/jee"
	xmlns:tx="http://www.springframework.org/schema/tx" xmlns:jpa="http://www.springframework.org/schema/data/jpa"
	xmlns:mvc="http://www.springframework.org/schema/mvc"
	xsi:schemaLocation="
		http://www.springframework.org/schema/beans http://www.springframework.org/schema/beans/spring-beans-3.2.xsd
		http://www.springframework.org/schema/context http://www.springframework.org/schema/context/spring-context-3.2.xsd
		http://www.springframework.org/schema/util http://www.springframework.org/schema/util/spring-util-3.2.xsd
		http://www.springframework.org/schema/jee http://www.springframework.org/schema/jee/spring-jee-3.2.xsd
		http://www.springframework.org/schema/tx http://www.springframework.org/schema/tx/spring-tx-3.2.xsd
		http://www.springframework.org/schema/data/jpa http://www.springframework.org/schema/data/jpa/spring-jpa-1.3.xsd
		http://www.springframework.org/schema/mvc http://www.springframework.org/schema/mvc/spring-mvc-3.2.xsd">

	<!-- Spring+Hibernate -->
	<bean id="dbcp" class="org.apache.commons.dbcp.BasicDataSource">
		<property name="username" value="root">
		</property>
		<property name="password" value="1234">
		</property>
		<property name="driverClassName" value="com.mysql.jdbc.Driver">
		</property>
		<property name="url"
			value="jdbc:mysql:///s?useUnicode=true&amp;characterEncoding=utf8">
		</property>
	</bean>

	<bean id="sessionFactory"
		class="org.springframework.orm.hibernate3.annotation.AnnotationSessionFactoryBean">
		<!-- 指定连接信息 -->
		<property name="dataSource" ref="dbcp">
		</property>
		<!-- 指定映射描述信息 -->
		<property name="packagesToScan" value="sims.web.model" />
		

		<!-- 指定框架参数信息 -->
		<property name="hibernateProperties">
			<props>
				<prop key="hibernate.dialect">
					org.hibernate.dialect.MySQLDialect
				</prop>
				<prop key="hibernate.show_sql">false</prop>
				<prop key="hibernate.format_sql">true</prop>
			
				<!-- <prop key="hibernate.cache.provider_class">org.hibernate.cache.EhCacheProvider</prop>
				<prop key="hibernate.cache.use_query_cache">true</prop>
				<prop key="hibernate.cache.use_second_level_cache">true</prop>
				<prop key="hibernate.cache.region.factory_class">org.hibernate.cache.SingletonEhCacheRegionFactory</prop>
				<prop key="hibernate.cache.provider_configuration_file_resource_path">/ehcache.xml</prop>
				<prop key="hibernate.autoReconnect">true</prop>
				<prop key="hibernate.autoReconnectForPools">true</prop> -->
			</props>
		</property>
	</bean>

	<bean id="hibernateTemplate" class="org.springframework.orm.hibernate3.HibernateTemplate">
		<property name="sessionFactory" ref="sessionFactory">
		</property>
	</bean>
	<!-- 将Dao扫描，然后将template注入 -->
	<context:component-scan base-package="sims.web" />
	<!-- 事务控制 -->
	<bean id="txManager"
		class="org.springframework.orm.hibernate3.HibernateTransactionManager">
		<property name="sessionFactory" ref="sessionFactory">
		</property>
	</bean>
	
	<!-- 配置事务管理 -->
	<bean id="transactionManager" class="org.springframework.orm.hibernate3.HibernateTransactionManager">
		<property name="sessionFactory" ref="sessionFactory" />
	</bean>

	<!-- <tx:advice id="txAdvice" transaction-manager="txManager">  
	    <tx:attributes>  
	        <tx:method name="modify*" propagation="REQUIRED" rollback-for="Exception"/>  
	                  
	        <tx:method name="*" read-only="true"  rollback-for="Exception"/>  
	    </tx:attributes>  
	</tx:advice>   -->
	<!-- 配置注解实现管理事务（cglib：proxy-target-class="true"） -->
	<tx:annotation-driven transaction-manager="transactionManager"
		proxy-target-class="true" />
	
	<bean class="org.springframework.security.authentication.encoding.ShaPasswordEncoder" id="passwordEncoder"/> 
	
	<!-- JAAS config 
	<bean id="jaasAuthenticationProvider" class="org.springframework.security.authentication.jaas.JaasAuthenticationProvider">
		<property name="loginConfig" value="/WEB-INF/login.conf"/>
		<property name="loginContextName" value="JAASTest"/>
		<property name="callbackHandlers">
			<list>
				<bean class="org.springframework.security.authentication.jaas.JaasNameCallbackHandler"/>
				<bean class="org.springframework.security.authentication.jaas.JaasPasswordCallbackHandler"/>
			</list>
		</property>
		<property name="authorityGranters">
			<list>
				<bean class="sims.web.security.DefaultAuthorityGranter"/>
			</list>
		</property>
	</bean>
	-->
<import resource="spring-security.xml" />
</beans>