<?xml version="1.0" encoding="UTF-8"?>

<beans:beans xmlns="http://www.springframework.org/schema/security"
  xmlns:beans="http://www.springframework.org/schema/beans"
  xmlns:xsi="http://www.w3.org/2001/XMLSchema-instance"
  xsi:schemaLocation="http://www.springframework.org/schema/beans
           http://www.springframework.org/schema/beans/spring-beans-3.0.xsd
           http://www.springframework.org/schema/security
           http://www.springframework.org/schema/security/spring-security.xsd">
	<!--   <http auto-config='true'>
	 	<intercept-url pattern="/html/login2.jsp" access="IS_AUTHENTICATED_ANONYMOUSLY"/>
	 </http> -->
	 
	 <http auto-config='true' use-expressions="true" >
	 	
	 	<intercept-url pattern="/html/login.jsp" access="anonymous"/>
	 	<intercept-url pattern="/home/to_index" access="hasRole('ROLE_ADMIN') or hasRole('ROLE_USER')"/>
	 	<intercept-url pattern="/home/to_user" access="hasRole('ROLE_ADMIN') or hasRole('ROLE_USER')"/>
	 	<intercept-url pattern="/home/to_student" access="hasRole('ROLE_ADMIN') or hasRole('ROLE_USER')"/>
	 	<intercept-url pattern="/home/to_sign" access="hasRole('ROLE_ADMIN') or hasRole('ROLE_USER')"/>
	 	<intercept-url pattern="/home/**" access="hasRole('ROLE_ADMIN') or hasRole('ROLE_USER')"/>  <!-- 对所有路径认证 -->
	 	<intercept-url pattern="/student/**" access="hasRole('ROLE_ADMIN') or hasRole('ROLE_USER')"/>  <!-- 对所有路径认证 -->
	 	<!-- <intercept-url pattern="/system/**" access="hasRole('ROLE_ADMIN') or hasRole('ROLE_USER')"/> -->  <!-- 对所有路径认证 -->
	 	<intercept-url pattern="/pay/**" access="hasRole('ROLE_ADMIN')"/>
	 	<intercept-url pattern="/teacher/**" access="hasRole('ROLE_ADMIN')"/>
	 	<intercept-url pattern="/user/**" access="hasRole('ROLE_ADMIN')"/>
	 	<intercept-url pattern="/study/**" access="hasRole('ROLE_ADMIN') or hasRole('ROLE_USER')"/>
	 	
	 	<form-login login-page="/html/login.jsp" 
	 		authentication-failure-url="/html/login.jsp?error=true" 
	 		default-target-url="/html/index.jsp" />
	 </http>
	
	<global-method-security jsr250-annotations="enabled"/>
	
	
	 <authentication-manager> 
	 	<authentication-provider user-service-ref="myUserDetailsService" >
 			 <password-encoder hash="md5"/> 
		</authentication-provider>   
	 	 
	 </authentication-manager>
 
</beans:beans> 

